{"cameraMode":{"drawMode":0,"name":"Shaded","section":"Shading Mode"},"sceneLighting":true,"audioPlay":false,"sceneViewState":{"m_AlwaysRefresh":false,"showFog":true,"showSkybox":true,"showFlares":true,"showImageEffects":true,"showParticleSystems":true,"showVisualEffectGraphs":true,"m_FxEnabled":true},"in2DMode":false,"pivot":{"x":8.253798484802246,"y":0.12872695922851563,"z":14.528376579284668},"rotation":{"x":-0.2556939423084259,"y":0.18813887238502503,"z":-0.0539814755320549,"w":-0.9470346570014954},"size":4.0581183433532719,"orthographic":false}